label1,label2,feature,dissimilarity
VF19B_can_utt1,VF19B_can_utt2,H42Kc_cv,0.08136565179315619
VF19B_can_utt1,VF19B_eng_utt1,H42Kc_cv,0.07963482531498772
VF19B_can_utt1,VF19B_eng_utt2,H42Kc_cv,0.03533905385970079
VF19B_can_utt1,VF19D_can_utt1,H42Kc_cv,0.036527277594086
VF19B_can_utt1,VF19D_can_utt2,H42Kc_cv,0.0110694086463404
VF19B_can_utt1,VF19D_eng_utt1,H42Kc_cv,0.027343742455763403
VF19B_can_utt1,VF19D_eng_utt2,H42Kc_cv,0.11605455816764121
VF19B_can_utt1,VF21A_can_utt1,H42Kc_cv,0.04658171388706869
VF19B_can_utt1,VF21A_can_utt2,H42Kc_cv,0.08934356266460208
VF19B_can_utt1,VF21A_eng_utt1,H42Kc_cv,0.1976742096276149
VF19B_can_utt1,VF21A_eng_utt2,H42Kc_cv,0.4499814485156192
VF19B_can_utt1,VF21B_can_utt1,H42Kc_cv,0.1384959872506244
VF19B_can_utt1,VF21B_can_utt2,H42Kc_cv,0.04962600628098571
VF19B_can_utt1,VF21B_eng_utt1,H42Kc_cv,0.09229521790192102
VF19B_can_utt1,VF21B_eng_utt2,H42Kc_cv,0.06487508669886899
VF19B_can_utt1,VF21C_can_utt1,H42Kc_cv,0.057184842740766406
VF19B_can_utt1,VF21C_can_utt2,H42Kc_cv,0.0231845415714024
VF19B_can_utt1,VF21C_eng_utt1,H42Kc_cv,0.0909331588513339
VF19B_can_utt1,VF21C_eng_utt2,H42Kc_cv,0.0609964505201622
VF19B_can_utt1,VF21D_can_utt1,H42Kc_cv,0.012750928124935501
VF19B_can_utt1,VF21D_can_utt2,H42Kc_cv,0.007629521380532606
VF19B_can_utt1,VF21D_eng_utt1,H42Kc_cv,0.027137351883648797
VF19B_can_utt1,VF21D_eng_utt2,H42Kc_cv,0.040473589247440406
VF19B_can_utt1,VF23B_can_utt1,H42Kc_cv,0.0704547068856326
VF19B_can_utt1,VF23B_can_utt2,H42Kc_cv,0.14535474564969758
VF19B_can_utt1,VF23B_eng_utt1,H42Kc_cv,0.10150298118572632
VF19B_can_utt1,VF23B_eng_utt2,H42Kc_cv,0.13633070549922788
VF19B_can_utt1,VF23C_can_utt1,H42Kc_cv,0.0621851194329083
VF19B_can_utt1,VF23C_can_utt2,H42Kc_cv,0.32208334768540997
VF19B_can_utt1,VF23C_eng_utt1,H42Kc_cv,0.04693024071082319
VF19B_can_utt1,VF23C_eng_utt2,H42Kc_cv,0.1489587179637457
VF19B_can_utt1,VF26A_can_utt1,H42Kc_cv,0.0738158234337002
VF19B_can_utt1,VF26A_can_utt2,H42Kc_cv,0.043512091207671494
VF19B_can_utt1,VF26A_eng_utt1,H42Kc_cv,0.04418838033675379
VF19B_can_utt1,VF26A_eng_utt2,H42Kc_cv,0.01881560768256771
VF19B_can_utt1,VF32A_can_utt1,H42Kc_cv,0.05441510698158841
VF19B_can_utt1,VF32A_can_utt2,H42Kc_cv,0.0476599452397769
VF19B_can_utt1,VF32A_eng_utt1,H42Kc_cv,0.025365044736926495
VF19B_can_utt1,VF32A_eng_utt2,H42Kc_cv,0.0676263571553237
VF19B_can_utt2,VF19B_eng_utt1,H42Kc_cv,0.001730826478168468
VF19B_can_utt2,VF19B_eng_utt2,H42Kc_cv,0.0460265979334554
VF19B_can_utt2,VF19D_can_utt1,H42Kc_cv,0.04483837419907019
VF19B_can_utt2,VF19D_can_utt2,H42Kc_cv,0.07029624314681579
VF19B_can_utt2,VF19D_eng_utt1,H42Kc_cv,0.05402190933739279
VF19B_can_utt2,VF19D_eng_utt2,H42Kc_cv,0.03468890637448502
VF19B_can_utt2,VF21A_can_utt1,H42Kc_cv,0.12794736568022488
VF19B_can_utt2,VF21A_can_utt2,H42Kc_cv,0.007977910871445892
VF19B_can_utt2,VF21A_eng_utt1,H42Kc_cv,0.1163085578344587
VF19B_can_utt2,VF21A_eng_utt2,H42Kc_cv,0.36861579672246303
VF19B_can_utt2,VF21B_can_utt1,H42Kc_cv,0.057130335457468207
VF19B_can_utt2,VF21B_can_utt2,H42Kc_cv,0.03173964551217048
VF19B_can_utt2,VF21B_eng_utt1,H42Kc_cv,0.010929566108764832
VF19B_can_utt2,VF21B_eng_utt2,H42Kc_cv,0.016490565094287202
VF19B_can_utt2,VF21C_can_utt1,H42Kc_cv,0.1385504945339226
VF19B_can_utt2,VF21C_can_utt2,H42Kc_cv,0.05818111022175379
VF19B_can_utt2,VF21C_eng_utt1,H42Kc_cv,0.009567507058177716
VF19B_can_utt2,VF21C_eng_utt2,H42Kc_cv,0.020369201272993992
VF19B_can_utt2,VF21D_can_utt1,H42Kc_cv,0.06861472366822069
VF19B_can_utt2,VF21D_can_utt2,H42Kc_cv,0.0889951731736888
VF19B_can_utt2,VF21D_eng_utt1,H42Kc_cv,0.054228299909507394
VF19B_can_utt2,VF21D_eng_utt2,H42Kc_cv,0.040892062545715785
VF19B_can_utt2,VF23B_can_utt1,H42Kc_cv,0.01091094490752359
VF19B_can_utt2,VF23B_can_utt2,H42Kc_cv,0.06398909385654139
VF19B_can_utt2,VF23B_eng_utt1,H42Kc_cv,0.020137329392570125
VF19B_can_utt2,VF23B_eng_utt2,H42Kc_cv,0.05496505370607169
VF19B_can_utt2,VF23C_can_utt1,H42Kc_cv,0.019180532360247887
VF19B_can_utt2,VF23C_can_utt2,H42Kc_cv,0.24071769589225378
VF19B_can_utt2,VF23C_eng_utt1,H42Kc_cv,0.034435411082333
VF19B_can_utt2,VF23C_eng_utt2,H42Kc_cv,0.06759306617058952
VF19B_can_utt2,VF26A_can_utt1,H42Kc_cv,0.15518147522685638
VF19B_can_utt2,VF26A_can_utt2,H42Kc_cv,0.12487774300082768
VF19B_can_utt2,VF26A_eng_utt1,H42Kc_cv,0.0371772714564024
VF19B_can_utt2,VF26A_eng_utt2,H42Kc_cv,0.06255004411058848
VF19B_can_utt2,VF32A_can_utt1,H42Kc_cv,0.1357807587747446
VF19B_can_utt2,VF32A_can_utt2,H42Kc_cv,0.1290255970329331
VF19B_can_utt2,VF32A_eng_utt1,H42Kc_cv,0.056000607056229695
VF19B_can_utt2,VF32A_eng_utt2,H42Kc_cv,0.013739294637832494
VF19B_eng_utt1,VF19B_eng_utt2,H42Kc_cv,0.04429577145528693
VF19B_eng_utt1,VF19D_can_utt1,H42Kc_cv,0.04310754772090172
VF19B_eng_utt1,VF19D_can_utt2,H42Kc_cv,0.06856541666864732
VF19B_eng_utt1,VF19D_eng_utt1,H42Kc_cv,0.05229108285922432
VF19B_eng_utt1,VF19D_eng_utt2,H42Kc_cv,0.036419732852653486
VF19B_eng_utt1,VF21A_can_utt1,H42Kc_cv,0.12621653920205642
VF19B_eng_utt1,VF21A_can_utt2,H42Kc_cv,0.00970873734961436
VF19B_eng_utt1,VF21A_eng_utt1,H42Kc_cv,0.11803938431262717
VF19B_eng_utt1,VF21A_eng_utt2,H42Kc_cv,0.3703466232006315
VF19B_eng_utt1,VF21B_can_utt1,H42Kc_cv,0.058861161935636674
VF19B_eng_utt1,VF21B_can_utt2,H42Kc_cv,0.030008819034002016
VF19B_eng_utt1,VF21B_eng_utt1,H42Kc_cv,0.0126603925869333
VF19B_eng_utt1,VF21B_eng_utt2,H42Kc_cv,0.014759738616118734
VF19B_eng_utt1,VF21C_can_utt1,H42Kc_cv,0.13681966805575413
VF19B_eng_utt1,VF21C_can_utt2,H42Kc_cv,0.05645028374358532
VF19B_eng_utt1,VF21C_eng_utt1,H42Kc_cv,0.011298333536346183
VF19B_eng_utt1,VF21C_eng_utt2,H42Kc_cv,0.018638374794825524
VF19B_eng_utt1,VF21D_can_utt1,H42Kc_cv,0.06688389719005222
VF19B_eng_utt1,VF21D_can_utt2,H42Kc_cv,0.08726434669552033
VF19B_eng_utt1,VF21D_eng_utt1,H42Kc_cv,0.052497473431338926
VF19B_eng_utt1,VF21D_eng_utt2,H42Kc_cv,0.03916123606754732
VF19B_eng_utt1,VF23B_can_utt1,H42Kc_cv,0.009180118429355122
VF19B_eng_utt1,VF23B_can_utt2,H42Kc_cv,0.06571992033470986
VF19B_eng_utt1,VF23B_eng_utt1,H42Kc_cv,0.021868155870738593
VF19B_eng_utt1,VF23B_eng_utt2,H42Kc_cv,0.056695880184240155
VF19B_eng_utt1,VF23C_can_utt1,H42Kc_cv,0.01744970588207942
VF19B_eng_utt1,VF23C_can_utt2,H42Kc_cv,0.24244852237042225
VF19B_eng_utt1,VF23C_eng_utt1,H42Kc_cv,0.03270458460416453
VF19B_eng_utt1,VF23C_eng_utt2,H42Kc_cv,0.06932389264875799
VF19B_eng_utt1,VF26A_can_utt1,H42Kc_cv,0.1534506487486879
VF19B_eng_utt1,VF26A_can_utt2,H42Kc_cv,0.12314691652265922
VF19B_eng_utt1,VF26A_eng_utt1,H42Kc_cv,0.03544644497823393
VF19B_eng_utt1,VF26A_eng_utt2,H42Kc_cv,0.060819217632420014
VF19B_eng_utt1,VF32A_can_utt1,H42Kc_cv,0.13404993229657614
VF19B_eng_utt1,VF32A_can_utt2,H42Kc_cv,0.12729477055476462
VF19B_eng_utt1,VF32A_eng_utt1,H42Kc_cv,0.05426978057806123
VF19B_eng_utt1,VF32A_eng_utt2,H42Kc_cv,0.012008468159664026
VF19B_eng_utt2,VF19D_can_utt1,H42Kc_cv,0.0011882237343852076
VF19B_eng_utt2,VF19D_can_utt2,H42Kc_cv,0.02426964521336039
VF19B_eng_utt2,VF19D_eng_utt1,H42Kc_cv,0.007995311403937388
VF19B_eng_utt2,VF19D_eng_utt2,H42Kc_cv,0.08071550430794042
VF19B_eng_utt2,VF21A_can_utt1,H42Kc_cv,0.08192076774676949
VF19B_eng_utt2,VF21A_can_utt2,H42Kc_cv,0.05400450880490129
VF19B_eng_utt2,VF21A_eng_utt1,H42Kc_cv,0.1623351557679141
VF19B_eng_utt2,VF21A_eng_utt2,H42Kc_cv,0.41464239465591846
VF19B_eng_utt2,VF21B_can_utt1,H42Kc_cv,0.1031569333909236
VF19B_eng_utt2,VF21B_can_utt2,H42Kc_cv,0.014286952421284915
VF19B_eng_utt2,VF21B_eng_utt1,H42Kc_cv,0.05695616404222023
VF19B_eng_utt2,VF21B_eng_utt2,H42Kc_cv,0.029536032839168197
VF19B_eng_utt2,VF21C_can_utt1,H42Kc_cv,0.0925238966004672
VF19B_eng_utt2,VF21C_can_utt2,H42Kc_cv,0.012154512288298391
VF19B_eng_utt2,VF21C_eng_utt1,H42Kc_cv,0.055594104991633114
VF19B_eng_utt2,VF21C_eng_utt2,H42Kc_cv,0.025657396660461407
VF19B_eng_utt2,VF21D_can_utt1,H42Kc_cv,0.02258812573476529
VF19B_eng_utt2,VF21D_can_utt2,H42Kc_cv,0.0429685752402334
VF19B_eng_utt2,VF21D_eng_utt1,H42Kc_cv,0.008201701976051995
VF19B_eng_utt2,VF21D_eng_utt2,H42Kc_cv,0.005134535387739614
VF19B_eng_utt2,VF23B_can_utt1,H42Kc_cv,0.03511565302593181
VF19B_eng_utt2,VF23B_can_utt2,H42Kc_cv,0.11001569178999679
VF19B_eng_utt2,VF23B_eng_utt1,H42Kc_cv,0.06616392732602552
VF19B_eng_utt2,VF23B_eng_utt2,H42Kc_cv,0.10099165163952709
VF19B_eng_utt2,VF23C_can_utt1,H42Kc_cv,0.02684606557320751
VF19B_eng_utt2,VF23C_can_utt2,H42Kc_cv,0.2867442938257092
VF19B_eng_utt2,VF23C_eng_utt1,H42Kc_cv,0.011591186851122398
VF19B_eng_utt2,VF23C_eng_utt2,H42Kc_cv,0.11361966410404492
VF19B_eng_utt2,VF26A_can_utt1,H42Kc_cv,0.109154877293401
VF19B_eng_utt2,VF26A_can_utt2,H42Kc_cv,0.07885114506737229
VF19B_eng_utt2,VF26A_eng_utt1,H42Kc_cv,0.008849326477052999
VF19B_eng_utt2,VF26A_eng_utt2,H42Kc_cv,0.016523446177133083
VF19B_eng_utt2,VF32A_can_utt1,H42Kc_cv,0.0897541608412892
VF19B_eng_utt2,VF32A_can_utt2,H42Kc_cv,0.0829989990994777
VF19B_eng_utt2,VF32A_eng_utt1,H42Kc_cv,0.009974009122774297
VF19B_eng_utt2,VF32A_eng_utt2,H42Kc_cv,0.032287303295622904
VF19D_can_utt1,VF19D_can_utt2,H42Kc_cv,0.0254578689477456
VF19D_can_utt1,VF19D_eng_utt1,H42Kc_cv,0.009183535138322596
VF19D_can_utt1,VF19D_eng_utt2,H42Kc_cv,0.07952728057355521
VF19D_can_utt1,VF21A_can_utt1,H42Kc_cv,0.08310899148115469
VF19D_can_utt1,VF21A_can_utt2,H42Kc_cv,0.052816285070516084
VF19D_can_utt1,VF21A_eng_utt1,H42Kc_cv,0.1611469320335289
VF19D_can_utt1,VF21A_eng_utt2,H42Kc_cv,0.41345417092153325
VF19D_can_utt1,VF21B_can_utt1,H42Kc_cv,0.1019687096565384
VF19D_can_utt1,VF21B_can_utt2,H42Kc_cv,0.013098728686899708
VF19D_can_utt1,VF21B_eng_utt1,H42Kc_cv,0.05576794030783502
VF19D_can_utt1,VF21B_eng_utt2,H42Kc_cv,0.02834780910478299
VF19D_can_utt1,VF21C_can_utt1,H42Kc_cv,0.0937121203348524
VF19D_can_utt1,VF21C_can_utt2,H42Kc_cv,0.013342736022683599
VF19D_can_utt1,VF21C_eng_utt1,H42Kc_cv,0.05440588125724791
VF19D_can_utt1,VF21C_eng_utt2,H42Kc_cv,0.0244691729260762
VF19D_can_utt1,VF21D_can_utt1,H42Kc_cv,0.0237763494691505
VF19D_can_utt1,VF21D_can_utt2,H42Kc_cv,0.044156798974618605
VF19D_can_utt1,VF21D_eng_utt1,H42Kc_cv,0.009389925710437202
VF19D_can_utt1,VF21D_eng_utt2,H42Kc_cv,0.003946311653354406
VF19D_can_utt1,VF23B_can_utt1,H42Kc_cv,0.0339274292915466
VF19D_can_utt1,VF23B_can_utt2,H42Kc_cv,0.10882746805561158
VF19D_can_utt1,VF23B_eng_utt1,H42Kc_cv,0.06497570359164032
VF19D_can_utt1,VF23B_eng_utt2,H42Kc_cv,0.09980342790514188
VF19D_can_utt1,VF23C_can_utt1,H42Kc_cv,0.025657841838822304
VF19D_can_utt1,VF23C_can_utt2,H42Kc_cv,0.285556070091324
VF19D_can_utt1,VF23C_eng_utt1,H42Kc_cv,0.01040296311673719
VF19D_can_utt1,VF23C_eng_utt2,H42Kc_cv,0.11243144036965971
VF19D_can_utt1,VF26A_can_utt1,H42Kc_cv,0.1103431010277862
VF19D_can_utt1,VF26A_can_utt2,H42Kc_cv,0.0800393688017575
VF19D_can_utt1,VF26A_eng_utt1,H42Kc_cv,0.007661102742667791
VF19D_can_utt1,VF26A_eng_utt2,H42Kc_cv,0.01771166991151829
VF19D_can_utt1,VF32A_can_utt1,H42Kc_cv,0.09094238457567441
VF19D_can_utt1,VF32A_can_utt2,H42Kc_cv,0.0841872228338629
VF19D_can_utt1,VF32A_eng_utt1,H42Kc_cv,0.011162232857159504
VF19D_can_utt1,VF32A_eng_utt2,H42Kc_cv,0.031099079561237697
VF19D_can_utt2,VF19D_eng_utt1,H42Kc_cv,0.016274333809423003
VF19D_can_utt2,VF19D_eng_utt2,H42Kc_cv,0.10498514952130081
VF19D_can_utt2,VF21A_can_utt1,H42Kc_cv,0.057651122533409094
VF19D_can_utt2,VF21A_can_utt2,H42Kc_cv,0.07827415401826168
VF19D_can_utt2,VF21A_eng_utt1,H42Kc_cv,0.1866048009812745
VF19D_can_utt2,VF21A_eng_utt2,H42Kc_cv,0.43891203986927885
VF19D_can_utt2,VF21B_can_utt1,H42Kc_cv,0.127426578604284
VF19D_can_utt2,VF21B_can_utt2,H42Kc_cv,0.03855659763464531
VF19D_can_utt2,VF21B_eng_utt1,H42Kc_cv,0.08122580925558062
VF19D_can_utt2,VF21B_eng_utt2,H42Kc_cv,0.05380567805252859
VF19D_can_utt2,VF21C_can_utt1,H42Kc_cv,0.0682542513871068
VF19D_can_utt2,VF21C_can_utt2,H42Kc_cv,0.012115132925062
VF19D_can_utt2,VF21C_eng_utt1,H42Kc_cv,0.0798637502049935
VF19D_can_utt2,VF21C_eng_utt2,H42Kc_cv,0.0499270418738218
VF19D_can_utt2,VF21D_can_utt1,H42Kc_cv,0.0016815194785951004
VF19D_can_utt2,VF21D_can_utt2,H42Kc_cv,0.018698930026873006
VF19D_can_utt2,VF21D_eng_utt1,H42Kc_cv,0.016067943237308396
VF19D_can_utt2,VF21D_eng_utt2,H42Kc_cv,0.029404180601100005
VF19D_can_utt2,VF23B_can_utt1,H42Kc_cv,0.0593852982392922
VF19D_can_utt2,VF23B_can_utt2,H42Kc_cv,0.13428533700335718
VF19D_can_utt2,VF23B_eng_utt1,H42Kc_cv,0.09043357253938591
VF19D_can_utt2,VF23B_eng_utt2,H42Kc_cv,0.12526129685288748
VF19D_can_utt2,VF23C_can_utt1,H42Kc_cv,0.0511157107865679
VF19D_can_utt2,VF23C_can_utt2,H42Kc_cv,0.3110139390390696
VF19D_can_utt2,VF23C_eng_utt1,H42Kc_cv,0.03586083206448279
VF19D_can_utt2,VF23C_eng_utt2,H42Kc_cv,0.1378893093174053
VF19D_can_utt2,VF26A_can_utt1,H42Kc_cv,0.0848852320800406
VF19D_can_utt2,VF26A_can_utt2,H42Kc_cv,0.054581499854011895
VF19D_can_utt2,VF26A_eng_utt1,H42Kc_cv,0.03311897169041339
VF19D_can_utt2,VF26A_eng_utt2,H42Kc_cv,0.007746199036227308
VF19D_can_utt2,VF32A_can_utt1,H42Kc_cv,0.06548451562792881
VF19D_can_utt2,VF32A_can_utt2,H42Kc_cv,0.0587293538861173
VF19D_can_utt2,VF32A_eng_utt1,H42Kc_cv,0.014295636090586095
VF19D_can_utt2,VF32A_eng_utt2,H42Kc_cv,0.056556948508983296
VF19D_eng_utt1,VF19D_eng_utt2,H42Kc_cv,0.0887108157118778
VF19D_eng_utt1,VF21A_can_utt1,H42Kc_cv,0.0739254563428321
VF19D_eng_utt1,VF21A_can_utt2,H42Kc_cv,0.06199982020883868
VF19D_eng_utt1,VF21A_eng_utt1,H42Kc_cv,0.1703304671718515
VF19D_eng_utt1,VF21A_eng_utt2,H42Kc_cv,0.42263770605985584
VF19D_eng_utt1,VF21B_can_utt1,H42Kc_cv,0.111152244794861
VF19D_eng_utt1,VF21B_can_utt2,H42Kc_cv,0.022282263825222304
VF19D_eng_utt1,VF21B_eng_utt1,H42Kc_cv,0.06495147544615762
VF19D_eng_utt1,VF21B_eng_utt2,H42Kc_cv,0.037531344243105585
VF19D_eng_utt1,VF21C_can_utt1,H42Kc_cv,0.08452858519652981
VF19D_eng_utt1,VF21C_can_utt2,H42Kc_cv,0.004159200884361003
VF19D_eng_utt1,VF21C_eng_utt1,H42Kc_cv,0.0635894163955705
VF19D_eng_utt1,VF21C_eng_utt2,H42Kc_cv,0.033652708064398795
VF19D_eng_utt1,VF21D_can_utt1,H42Kc_cv,0.014592814330827902
VF19D_eng_utt1,VF21D_can_utt2,H42Kc_cv,0.03497326383629601
VF19D_eng_utt1,VF21D_eng_utt1,H42Kc_cv,0.00020639057211460643
VF19D_eng_utt1,VF21D_eng_utt2,H42Kc_cv,0.013129846791677002
VF19D_eng_utt1,VF23B_can_utt1,H42Kc_cv,0.0431109644298692
VF19D_eng_utt1,VF23B_can_utt2,H42Kc_cv,0.11801100319393418
VF19D_eng_utt1,VF23B_eng_utt1,H42Kc_cv,0.07415923872996291
VF19D_eng_utt1,VF23B_eng_utt2,H42Kc_cv,0.10898696304346447
VF19D_eng_utt1,VF23C_can_utt1,H42Kc_cv,0.0348413769771449
VF19D_eng_utt1,VF23C_can_utt2,H42Kc_cv,0.2947396052296466
VF19D_eng_utt1,VF23C_eng_utt1,H42Kc_cv,0.019586498255059787
VF19D_eng_utt1,VF23C_eng_utt2,H42Kc_cv,0.12161497550798231
VF19D_eng_utt1,VF26A_can_utt1,H42Kc_cv,0.1011595658894636
VF19D_eng_utt1,VF26A_can_utt2,H42Kc_cv,0.0708558336634349
VF19D_eng_utt1,VF26A_eng_utt1,H42Kc_cv,0.016844637880990387
VF19D_eng_utt1,VF26A_eng_utt2,H42Kc_cv,0.008528134773195695
VF19D_eng_utt1,VF32A_can_utt1,H42Kc_cv,0.08175884943735182
VF19D_eng_utt1,VF32A_can_utt2,H42Kc_cv,0.0750036876955403
VF19D_eng_utt1,VF32A_eng_utt1,H42Kc_cv,0.001978697718836908
VF19D_eng_utt1,VF32A_eng_utt2,H42Kc_cv,0.04028261469956029
VF19D_eng_utt2,VF21A_can_utt1,H42Kc_cv,0.1626362720547099
VF19D_eng_utt2,VF21A_can_utt2,H42Kc_cv,0.026710995503039126
VF19D_eng_utt2,VF21A_eng_utt1,H42Kc_cv,0.08161965145997369
VF19D_eng_utt2,VF21A_eng_utt2,H42Kc_cv,0.333926890347978
VF19D_eng_utt2,VF21B_can_utt1,H42Kc_cv,0.02244142908298319
VF19D_eng_utt2,VF21B_can_utt2,H42Kc_cv,0.0664285518866555
VF19D_eng_utt2,VF21B_eng_utt1,H42Kc_cv,0.023759340265720186
VF19D_eng_utt2,VF21B_eng_utt2,H42Kc_cv,0.05117947146877222
VF19D_eng_utt2,VF21C_can_utt1,H42Kc_cv,0.17323940090840761
VF19D_eng_utt2,VF21C_can_utt2,H42Kc_cv,0.09287001659623881
VF19D_eng_utt2,VF21C_eng_utt1,H42Kc_cv,0.025121399316307302
VF19D_eng_utt2,VF21C_eng_utt2,H42Kc_cv,0.05505810764747901
VF19D_eng_utt2,VF21D_can_utt1,H42Kc_cv,0.10330363004270571
VF19D_eng_utt2,VF21D_can_utt2,H42Kc_cv,0.12368407954817381
VF19D_eng_utt2,VF21D_eng_utt1,H42Kc_cv,0.08891720628399241
VF19D_eng_utt2,VF21D_eng_utt2,H42Kc_cv,0.0755809689202008
VF19D_eng_utt2,VF23B_can_utt1,H42Kc_cv,0.04559985128200861
VF19D_eng_utt2,VF23B_can_utt2,H42Kc_cv,0.029300187482056372
VF19D_eng_utt2,VF23B_eng_utt1,H42Kc_cv,0.014551576981914893
VF19D_eng_utt2,VF23B_eng_utt2,H42Kc_cv,0.02027614733158667
VF19D_eng_utt2,VF23C_can_utt1,H42Kc_cv,0.053869438734732905
VF19D_eng_utt2,VF23C_can_utt2,H42Kc_cv,0.20602878951776876
VF19D_eng_utt2,VF23C_eng_utt1,H42Kc_cv,0.06912431745681802
VF19D_eng_utt2,VF23C_eng_utt2,H42Kc_cv,0.032904159796104504
VF19D_eng_utt2,VF26A_can_utt1,H42Kc_cv,0.1898703816013414
VF19D_eng_utt2,VF26A_can_utt2,H42Kc_cv,0.1595666493753127
VF19D_eng_utt2,VF26A_eng_utt1,H42Kc_cv,0.07186617783088742
VF19D_eng_utt2,VF26A_eng_utt2,H42Kc_cv,0.0972389504850735
VF19D_eng_utt2,VF32A_can_utt1,H42Kc_cv,0.17046966514922962
VF19D_eng_utt2,VF32A_can_utt2,H42Kc_cv,0.1637145034074181
VF19D_eng_utt2,VF32A_eng_utt1,H42Kc_cv,0.09068951343071471
VF19D_eng_utt2,VF32A_eng_utt2,H42Kc_cv,0.04842820101231751
VF21A_can_utt1,VF21A_can_utt2,H42Kc_cv,0.13592527655167078
VF21A_can_utt1,VF21A_eng_utt1,H42Kc_cv,0.2442559235146836
VF21A_can_utt1,VF21A_eng_utt2,H42Kc_cv,0.49656316240268794
VF21A_can_utt1,VF21B_can_utt1,H42Kc_cv,0.1850777011376931
VF21A_can_utt1,VF21B_can_utt2,H42Kc_cv,0.0962077201680544
VF21A_can_utt1,VF21B_eng_utt1,H42Kc_cv,0.13887693178898972
VF21A_can_utt1,VF21B_eng_utt2,H42Kc_cv,0.11145680058593768
VF21A_can_utt1,VF21C_can_utt1,H42Kc_cv,0.010603128853697713
VF21A_can_utt1,VF21C_can_utt2,H42Kc_cv,0.0697662554584711
VF21A_can_utt1,VF21C_eng_utt1,H42Kc_cv,0.1375148727384026
VF21A_can_utt1,VF21C_eng_utt2,H42Kc_cv,0.10757816440723089
VF21A_can_utt1,VF21D_can_utt1,H42Kc_cv,0.059332642012004194
VF21A_can_utt1,VF21D_can_utt2,H42Kc_cv,0.03895219250653609
VF21A_can_utt1,VF21D_eng_utt1,H42Kc_cv,0.07371906577071749
VF21A_can_utt1,VF21D_eng_utt2,H42Kc_cv,0.0870553031345091
VF21A_can_utt1,VF23B_can_utt1,H42Kc_cv,0.1170364207727013
VF21A_can_utt1,VF23B_can_utt2,H42Kc_cv,0.19193645953676627
VF21A_can_utt1,VF23B_eng_utt1,H42Kc_cv,0.148084695072795
VF21A_can_utt1,VF23B_eng_utt2,H42Kc_cv,0.18291241938629657
VF21A_can_utt1,VF23C_can_utt1,H42Kc_cv,0.108766833319977
VF21A_can_utt1,VF23C_can_utt2,H42Kc_cv,0.3686650615724787
VF21A_can_utt1,VF23C_eng_utt1,H42Kc_cv,0.09351195459789188
VF21A_can_utt1,VF23C_eng_utt2,H42Kc_cv,0.1955404318508144
VF21A_can_utt1,VF26A_can_utt1,H42Kc_cv,0.02723410954663151
VF21A_can_utt1,VF26A_can_utt2,H42Kc_cv,0.0030696226793971992
VF21A_can_utt1,VF26A_eng_utt1,H42Kc_cv,0.09077009422382248
VF21A_can_utt1,VF26A_eng_utt2,H42Kc_cv,0.0653973215696364
VF21A_can_utt1,VF32A_can_utt1,H42Kc_cv,0.00783339309451972
VF21A_can_utt1,VF32A_can_utt2,H42Kc_cv,0.0010782313527082088
VF21A_can_utt1,VF32A_eng_utt1,H42Kc_cv,0.07194675862399519
VF21A_can_utt1,VF32A_eng_utt2,H42Kc_cv,0.11420807104239239
VF21A_can_utt2,VF21A_eng_utt1,H42Kc_cv,0.10833064696301281
VF21A_can_utt2,VF21A_eng_utt2,H42Kc_cv,0.36063788585101714
VF21A_can_utt2,VF21B_can_utt1,H42Kc_cv,0.049152424586022314
VF21A_can_utt2,VF21B_can_utt2,H42Kc_cv,0.039717556383616376
VF21A_can_utt2,VF21B_eng_utt1,H42Kc_cv,0.0029516552373189398
VF21A_can_utt2,VF21B_eng_utt2,H42Kc_cv,0.024468475965733094
VF21A_can_utt2,VF21C_can_utt1,H42Kc_cv,0.1465284054053685
VF21A_can_utt2,VF21C_can_utt2,H42Kc_cv,0.06615902109319968
VF21A_can_utt2,VF21C_eng_utt1,H42Kc_cv,0.0015895961867318231
VF21A_can_utt2,VF21C_eng_utt2,H42Kc_cv,0.028347112144439884
VF21A_can_utt2,VF21D_can_utt1,H42Kc_cv,0.07659263453966658
VF21A_can_utt2,VF21D_can_utt2,H42Kc_cv,0.09697308404513469
VF21A_can_utt2,VF21D_eng_utt1,H42Kc_cv,0.062206210780953286
VF21A_can_utt2,VF21D_eng_utt2,H42Kc_cv,0.04886997341716168
VF21A_can_utt2,VF23B_can_utt1,H42Kc_cv,0.018888855778969482
VF21A_can_utt2,VF23B_can_utt2,H42Kc_cv,0.0560111829850955
VF21A_can_utt2,VF23B_eng_utt1,H42Kc_cv,0.012159418521124232
VF21A_can_utt2,VF23B_eng_utt2,H42Kc_cv,0.046987142834625795
VF21A_can_utt2,VF23C_can_utt1,H42Kc_cv,0.02715844323169378
VF21A_can_utt2,VF23C_can_utt2,H42Kc_cv,0.2327397850208079
VF21A_can_utt2,VF23C_eng_utt1,H42Kc_cv,0.04241332195377889
VF21A_can_utt2,VF23C_eng_utt2,H42Kc_cv,0.05961515529914363
VF21A_can_utt2,VF26A_can_utt1,H42Kc_cv,0.16315938609830227
VF21A_can_utt2,VF26A_can_utt2,H42Kc_cv,0.13285565387227358
VF21A_can_utt2,VF26A_eng_utt1,H42Kc_cv,0.04515518232784829
VF21A_can_utt2,VF26A_eng_utt2,H42Kc_cv,0.07052795498203437
VF21A_can_utt2,VF32A_can_utt1,H42Kc_cv,0.1437586696461905
VF21A_can_utt2,VF32A_can_utt2,H42Kc_cv,0.13700350790437898
VF21A_can_utt2,VF32A_eng_utt1,H42Kc_cv,0.06397851792767559
VF21A_can_utt2,VF32A_eng_utt2,H42Kc_cv,0.021717205509278387
VF21A_eng_utt1,VF21A_eng_utt2,H42Kc_cv,0.2523072388880043
VF21A_eng_utt1,VF21B_can_utt1,H42Kc_cv,0.0591782223769905
VF21A_eng_utt1,VF21B_can_utt2,H42Kc_cv,0.1480482033466292
VF21A_eng_utt1,VF21B_eng_utt1,H42Kc_cv,0.10537899172569387
VF21A_eng_utt1,VF21B_eng_utt2,H42Kc_cv,0.1327991229287459
VF21A_eng_utt1,VF21C_can_utt1,H42Kc_cv,0.2548590523683813
VF21A_eng_utt1,VF21C_can_utt2,H42Kc_cv,0.1744896680562125
VF21A_eng_utt1,VF21C_eng_utt1,H42Kc_cv,0.10674105077628099
VF21A_eng_utt1,VF21C_eng_utt2,H42Kc_cv,0.1366777591074527
VF21A_eng_utt1,VF21D_can_utt1,H42Kc_cv,0.1849232815026794
VF21A_eng_utt1,VF21D_can_utt2,H42Kc_cv,0.2053037310081475
VF21A_eng_utt1,VF21D_eng_utt1,H42Kc_cv,0.1705368577439661
VF21A_eng_utt1,VF21D_eng_utt2,H42Kc_cv,0.1572006203801745
VF21A_eng_utt1,VF23B_can_utt1,H42Kc_cv,0.1272195027419823
VF21A_eng_utt1,VF23B_can_utt2,H42Kc_cv,0.05231946397791731
VF21A_eng_utt1,VF23B_eng_utt1,H42Kc_cv,0.09617122844188858
VF21A_eng_utt1,VF23B_eng_utt2,H42Kc_cv,0.061343504128387016
VF21A_eng_utt1,VF23C_can_utt1,H42Kc_cv,0.1354890901947066
VF21A_eng_utt1,VF23C_can_utt2,H42Kc_cv,0.12440913805779508
VF21A_eng_utt1,VF23C_eng_utt1,H42Kc_cv,0.1507439689167917
VF21A_eng_utt1,VF23C_eng_utt2,H42Kc_cv,0.04871549166386918
VF21A_eng_utt1,VF26A_can_utt1,H42Kc_cv,0.2714900330613151
VF21A_eng_utt1,VF26A_can_utt2,H42Kc_cv,0.2411863008352864
VF21A_eng_utt1,VF26A_eng_utt1,H42Kc_cv,0.1534858292908611
VF21A_eng_utt1,VF26A_eng_utt2,H42Kc_cv,0.17885860194504719
VF21A_eng_utt1,VF32A_can_utt1,H42Kc_cv,0.2520893166092033
VF21A_eng_utt1,VF32A_can_utt2,H42Kc_cv,0.2453341548673918
VF21A_eng_utt1,VF32A_eng_utt1,H42Kc_cv,0.1723091648906884
VF21A_eng_utt1,VF32A_eng_utt2,H42Kc_cv,0.1300478524722912
VF21A_eng_utt2,VF21B_can_utt1,H42Kc_cv,0.3114854612649948
VF21A_eng_utt2,VF21B_can_utt2,H42Kc_cv,0.4003554422346335
VF21A_eng_utt2,VF21B_eng_utt1,H42Kc_cv,0.3576862306136982
VF21A_eng_utt2,VF21B_eng_utt2,H42Kc_cv,0.38510636181675023
VF21A_eng_utt2,VF21C_can_utt1,H42Kc_cv,0.5071662912563857
VF21A_eng_utt2,VF21C_can_utt2,H42Kc_cv,0.4267969069442168
VF21A_eng_utt2,VF21C_eng_utt1,H42Kc_cv,0.3590482896642853
VF21A_eng_utt2,VF21C_eng_utt2,H42Kc_cv,0.38898499799545705
VF21A_eng_utt2,VF21D_can_utt1,H42Kc_cv,0.4372305203906837
VF21A_eng_utt2,VF21D_can_utt2,H42Kc_cv,0.4576109698961518
VF21A_eng_utt2,VF21D_eng_utt1,H42Kc_cv,0.4228440966319704
VF21A_eng_utt2,VF21D_eng_utt2,H42Kc_cv,0.4095078592681788
VF21A_eng_utt2,VF23B_can_utt1,H42Kc_cv,0.3795267416299866
VF21A_eng_utt2,VF23B_can_utt2,H42Kc_cv,0.30462670286592164
VF21A_eng_utt2,VF23B_eng_utt1,H42Kc_cv,0.3484784673298929
VF21A_eng_utt2,VF23B_eng_utt2,H42Kc_cv,0.31365074301639134
VF21A_eng_utt2,VF23C_can_utt1,H42Kc_cv,0.3877963290827109
VF21A_eng_utt2,VF23C_can_utt2,H42Kc_cv,0.12789810083020925
VF21A_eng_utt2,VF23C_eng_utt1,H42Kc_cv,0.40305120780479603
VF21A_eng_utt2,VF23C_eng_utt2,H42Kc_cv,0.3010227305518735
VF21A_eng_utt2,VF26A_can_utt1,H42Kc_cv,0.5237972719493195
VF21A_eng_utt2,VF26A_can_utt2,H42Kc_cv,0.4934935397232907
VF21A_eng_utt2,VF26A_eng_utt1,H42Kc_cv,0.4057930681788654
VF21A_eng_utt2,VF26A_eng_utt2,H42Kc_cv,0.43116584083305154
VF21A_eng_utt2,VF32A_can_utt1,H42Kc_cv,0.5043965554972076
VF21A_eng_utt2,VF32A_can_utt2,H42Kc_cv,0.4976413937553961
VF21A_eng_utt2,VF32A_eng_utt1,H42Kc_cv,0.4246164037786927
VF21A_eng_utt2,VF32A_eng_utt2,H42Kc_cv,0.38235509136029555
VF21B_can_utt1,VF21B_can_utt2,H42Kc_cv,0.08886998096963869
VF21B_can_utt1,VF21B_eng_utt1,H42Kc_cv,0.046200769348703374
VF21B_can_utt1,VF21B_eng_utt2,H42Kc_cv,0.07362090055175541
VF21B_can_utt1,VF21C_can_utt1,H42Kc_cv,0.1956808299913908
VF21B_can_utt1,VF21C_can_utt2,H42Kc_cv,0.115311445679222
VF21B_can_utt1,VF21C_eng_utt1,H42Kc_cv,0.04756282839929049
VF21B_can_utt1,VF21C_eng_utt2,H42Kc_cv,0.0774995367304622
VF21B_can_utt1,VF21D_can_utt1,H42Kc_cv,0.1257450591256889
VF21B_can_utt1,VF21D_can_utt2,H42Kc_cv,0.146125508631157
VF21B_can_utt1,VF21D_eng_utt1,H42Kc_cv,0.1113586353669756
VF21B_can_utt1,VF21D_eng_utt2,H42Kc_cv,0.09802239800318399
VF21B_can_utt1,VF23B_can_utt1,H42Kc_cv,0.0680412803649918
VF21B_can_utt1,VF23B_can_utt2,H42Kc_cv,0.006858758399073184
VF21B_can_utt1,VF23B_eng_utt1,H42Kc_cv,0.03699300606489808
VF21B_can_utt1,VF23B_eng_utt2,H42Kc_cv,0.0021652817513965195
VF21B_can_utt1,VF23C_can_utt1,H42Kc_cv,0.0763108678177161
VF21B_can_utt1,VF23C_can_utt2,H42Kc_cv,0.18358736043478557
VF21B_can_utt1,VF23C_eng_utt1,H42Kc_cv,0.09156574653980121
VF21B_can_utt1,VF23C_eng_utt2,H42Kc_cv,0.010462730713121315
VF21B_can_utt1,VF26A_can_utt1,H42Kc_cv,0.2123118106843246
VF21B_can_utt1,VF26A_can_utt2,H42Kc_cv,0.1820080784582959
VF21B_can_utt1,VF26A_eng_utt1,H42Kc_cv,0.0943076069138706
VF21B_can_utt1,VF26A_eng_utt2,H42Kc_cv,0.11968037956805669
VF21B_can_utt1,VF32A_can_utt1,H42Kc_cv,0.1929110942322128
VF21B_can_utt1,VF32A_can_utt2,H42Kc_cv,0.1861559324904013
VF21B_can_utt1,VF32A_eng_utt1,H42Kc_cv,0.1131309425136979
VF21B_can_utt1,VF32A_eng_utt2,H42Kc_cv,0.0708696300953007
VF21B_can_utt2,VF21B_eng_utt1,H42Kc_cv,0.042669211620935316
VF21B_can_utt2,VF21B_eng_utt2,H42Kc_cv,0.015249080417883282
VF21B_can_utt2,VF21C_can_utt1,H42Kc_cv,0.10681084902175211
VF21B_can_utt2,VF21C_can_utt2,H42Kc_cv,0.026441464709583307
VF21B_can_utt2,VF21C_eng_utt1,H42Kc_cv,0.0413071525703482
VF21B_can_utt2,VF21C_eng_utt2,H42Kc_cv,0.011370444239176491
VF21B_can_utt2,VF21D_can_utt1,H42Kc_cv,0.036875078156050206
VF21B_can_utt2,VF21D_can_utt2,H42Kc_cv,0.05725552766151831
VF21B_can_utt2,VF21D_eng_utt1,H42Kc_cv,0.02248865439733691
VF21B_can_utt2,VF21D_eng_utt2,H42Kc_cv,0.009152417033545301
VF21B_can_utt2,VF23B_can_utt1,H42Kc_cv,0.020828700604646894
VF21B_can_utt2,VF23B_can_utt2,H42Kc_cv,0.09572873936871187
VF21B_can_utt2,VF23B_eng_utt1,H42Kc_cv,0.05187697490474061
VF21B_can_utt2,VF23B_eng_utt2,H42Kc_cv,0.08670469921824217
VF21B_can_utt2,VF23C_can_utt1,H42Kc_cv,0.012559113151922596
VF21B_can_utt2,VF23C_can_utt2,H42Kc_cv,0.27245734140442424
VF21B_can_utt2,VF23C_eng_utt1,H42Kc_cv,0.002695765570162517
VF21B_can_utt2,VF23C_eng_utt2,H42Kc_cv,0.09933271168276
VF21B_can_utt2,VF26A_can_utt1,H42Kc_cv,0.12344182971468591
VF21B_can_utt2,VF26A_can_utt2,H42Kc_cv,0.0931380974886572
VF21B_can_utt2,VF26A_eng_utt1,H42Kc_cv,0.005437625944231916
VF21B_can_utt2,VF26A_eng_utt2,H42Kc_cv,0.030810398598418
VF21B_can_utt2,VF32A_can_utt1,H42Kc_cv,0.10404111326257412
VF21B_can_utt2,VF32A_can_utt2,H42Kc_cv,0.09728595152076261
VF21B_can_utt2,VF32A_eng_utt1,H42Kc_cv,0.024260961544059212
VF21B_can_utt2,VF32A_eng_utt2,H42Kc_cv,0.01800035087433799
VF21B_eng_utt1,VF21B_eng_utt2,H42Kc_cv,0.027420131203052034
VF21B_eng_utt1,VF21C_can_utt1,H42Kc_cv,0.14948006064268743
VF21B_eng_utt1,VF21C_can_utt2,H42Kc_cv,0.06911067633051862
VF21B_eng_utt1,VF21C_eng_utt1,H42Kc_cv,0.0013620590505871166
VF21B_eng_utt1,VF21C_eng_utt2,H42Kc_cv,0.031298767381758824
VF21B_eng_utt1,VF21D_can_utt1,H42Kc_cv,0.07954428977698552
VF21B_eng_utt1,VF21D_can_utt2,H42Kc_cv,0.09992473928245363
VF21B_eng_utt1,VF21D_eng_utt1,H42Kc_cv,0.06515786601827223
VF21B_eng_utt1,VF21D_eng_utt2,H42Kc_cv,0.05182162865448062
VF21B_eng_utt1,VF23B_can_utt1,H42Kc_cv,0.021840511016288422
VF21B_eng_utt1,VF23B_can_utt2,H42Kc_cv,0.05305952774777656
VF21B_eng_utt1,VF23B_eng_utt1,H42Kc_cv,0.009207763283805293
VF21B_eng_utt1,VF23B_eng_utt2,H42Kc_cv,0.044035487597306855
VF21B_eng_utt1,VF23C_can_utt1,H42Kc_cv,0.03011009846901272
VF21B_eng_utt1,VF23C_can_utt2,H42Kc_cv,0.22978812978348895
VF21B_eng_utt1,VF23C_eng_utt1,H42Kc_cv,0.04536497719109783
VF21B_eng_utt1,VF23C_eng_utt2,H42Kc_cv,0.05666350006182469
VF21B_eng_utt1,VF26A_can_utt1,H42Kc_cv,0.1661110413356212
VF21B_eng_utt1,VF26A_can_utt2,H42Kc_cv,0.13580730910959252
VF21B_eng_utt1,VF26A_eng_utt1,H42Kc_cv,0.04810683756516723
VF21B_eng_utt1,VF26A_eng_utt2,H42Kc_cv,0.07347961021935331
VF21B_eng_utt1,VF32A_can_utt1,H42Kc_cv,0.14671032488350944
VF21B_eng_utt1,VF32A_can_utt2,H42Kc_cv,0.13995516314169792
VF21B_eng_utt1,VF32A_eng_utt1,H42Kc_cv,0.06693017316499453
VF21B_eng_utt1,VF32A_eng_utt2,H42Kc_cv,0.024668860746597326
VF21B_eng_utt2,VF21C_can_utt1,H42Kc_cv,0.1220599294396354
VF21B_eng_utt2,VF21C_can_utt2,H42Kc_cv,0.04169054512746659
VF21B_eng_utt2,VF21C_eng_utt1,H42Kc_cv,0.026058072152464917
VF21B_eng_utt2,VF21C_eng_utt2,H42Kc_cv,0.0038786361787067902
VF21B_eng_utt2,VF21D_can_utt1,H42Kc_cv,0.05212415857393349
VF21B_eng_utt2,VF21D_can_utt2,H42Kc_cv,0.0725046080794016
VF21B_eng_utt2,VF21D_eng_utt1,H42Kc_cv,0.03773773481522019
VF21B_eng_utt2,VF21D_eng_utt2,H42Kc_cv,0.024401497451428583
VF21B_eng_utt2,VF23B_can_utt1,H42Kc_cv,0.005579620186763612
VF21B_eng_utt2,VF23B_can_utt2,H42Kc_cv,0.08047965895082859
VF21B_eng_utt2,VF23B_eng_utt1,H42Kc_cv,0.036627894486857326
VF21B_eng_utt2,VF23B_eng_utt2,H42Kc_cv,0.07145561880035889
VF21B_eng_utt2,VF23C_can_utt1,H42Kc_cv,0.0026899672659606855
VF21B_eng_utt2,VF23C_can_utt2,H42Kc_cv,0.257208260986541
VF21B_eng_utt2,VF23C_eng_utt1,H42Kc_cv,0.0179448459880458
VF21B_eng_utt2,VF23C_eng_utt2,H42Kc_cv,0.08408363126487672
VF21B_eng_utt2,VF26A_can_utt1,H42Kc_cv,0.13869091013256918
VF21B_eng_utt2,VF26A_can_utt2,H42Kc_cv,0.10838717790654048
VF21B_eng_utt2,VF26A_eng_utt1,H42Kc_cv,0.020686706362115198
VF21B_eng_utt2,VF26A_eng_utt2,H42Kc_cv,0.04605947901630128
VF21B_eng_utt2,VF32A_can_utt1,H42Kc_cv,0.1192901936804574
VF21B_eng_utt2,VF32A_can_utt2,H42Kc_cv,0.11253503193864589
VF21B_eng_utt2,VF32A_eng_utt1,H42Kc_cv,0.039510041961942494
VF21B_eng_utt2,VF32A_eng_utt2,H42Kc_cv,0.0027512704564547075
VF21C_can_utt1,VF21C_can_utt2,H42Kc_cv,0.0803693843121688
VF21C_can_utt1,VF21C_eng_utt1,H42Kc_cv,0.1481180015921003
VF21C_can_utt1,VF21C_eng_utt2,H42Kc_cv,0.1181812932609286
VF21C_can_utt1,VF21D_can_utt1,H42Kc_cv,0.06993577086570191
VF21C_can_utt1,VF21D_can_utt2,H42Kc_cv,0.0495553213602338
VF21C_can_utt1,VF21D_eng_utt1,H42Kc_cv,0.0843221946244152
VF21C_can_utt1,VF21D_eng_utt2,H42Kc_cv,0.09765843198820681
VF21C_can_utt1,VF23B_can_utt1,H42Kc_cv,0.127639549626399
VF21C_can_utt1,VF23B_can_utt2,H42Kc_cv,0.202539588390464
VF21C_can_utt1,VF23B_eng_utt1,H42Kc_cv,0.15868782392649272
VF21C_can_utt1,VF23B_eng_utt2,H42Kc_cv,0.19351554823999428
VF21C_can_utt1,VF23C_can_utt1,H42Kc_cv,0.11936996217367471
VF21C_can_utt1,VF23C_can_utt2,H42Kc_cv,0.3792681904261764
VF21C_can_utt1,VF23C_eng_utt1,H42Kc_cv,0.1041150834515896
VF21C_can_utt1,VF23C_eng_utt2,H42Kc_cv,0.20614356070451212
VF21C_can_utt1,VF26A_can_utt1,H42Kc_cv,0.016630980692933797
VF21C_can_utt1,VF26A_can_utt2,H42Kc_cv,0.013672751533094912
VF21C_can_utt1,VF26A_eng_utt1,H42Kc_cv,0.1013732230775202
VF21C_can_utt1,VF26A_eng_utt2,H42Kc_cv,0.07600045042333411
VF21C_can_utt1,VF32A_can_utt1,H42Kc_cv,0.0027697357591779936
VF21C_can_utt1,VF32A_can_utt2,H42Kc_cv,0.009524897500989504
VF21C_can_utt1,VF32A_eng_utt1,H42Kc_cv,0.0825498874776929
VF21C_can_utt1,VF32A_eng_utt2,H42Kc_cv,0.1248111998960901
VF21C_can_utt2,VF21C_eng_utt1,H42Kc_cv,0.0677486172799315
VF21C_can_utt2,VF21C_eng_utt2,H42Kc_cv,0.0378119089487598
VF21C_can_utt2,VF21D_can_utt1,H42Kc_cv,0.0104336134464669
VF21C_can_utt2,VF21D_can_utt2,H42Kc_cv,0.030814062951935006
VF21C_can_utt2,VF21D_eng_utt1,H42Kc_cv,0.0039528103122463965
VF21C_can_utt2,VF21D_eng_utt2,H42Kc_cv,0.017289047676038005
VF21C_can_utt2,VF23B_can_utt1,H42Kc_cv,0.0472701653142302
VF21C_can_utt2,VF23B_can_utt2,H42Kc_cv,0.12217020407829518
VF21C_can_utt2,VF23B_eng_utt1,H42Kc_cv,0.07831843961432391
VF21C_can_utt2,VF23B_eng_utt2,H42Kc_cv,0.11314616392782548
VF21C_can_utt2,VF23C_can_utt1,H42Kc_cv,0.0390005778615059
VF21C_can_utt2,VF23C_can_utt2,H42Kc_cv,0.29889880611400754
VF21C_can_utt2,VF23C_eng_utt1,H42Kc_cv,0.02374569913942079
VF21C_can_utt2,VF23C_eng_utt2,H42Kc_cv,0.1257741763923433
VF21C_can_utt2,VF26A_can_utt1,H42Kc_cv,0.0970003650051026
VF21C_can_utt2,VF26A_can_utt2,H42Kc_cv,0.0666966327790739
VF21C_can_utt2,VF26A_eng_utt1,H42Kc_cv,0.02100383876535139
VF21C_can_utt2,VF26A_eng_utt2,H42Kc_cv,0.004368933888834692
VF21C_can_utt2,VF32A_can_utt1,H42Kc_cv,0.07759964855299081
VF21C_can_utt2,VF32A_can_utt2,H42Kc_cv,0.0708444868111793
VF21C_can_utt2,VF32A_eng_utt1,H42Kc_cv,0.0021805031655240947
VF21C_can_utt2,VF32A_eng_utt2,H42Kc_cv,0.044441815583921296
VF21C_eng_utt1,VF21C_eng_utt2,H42Kc_cv,0.029936708331171707
VF21C_eng_utt1,VF21D_can_utt1,H42Kc_cv,0.0781822307263984
VF21C_eng_utt1,VF21D_can_utt2,H42Kc_cv,0.09856268023186651
VF21C_eng_utt1,VF21D_eng_utt1,H42Kc_cv,0.06379580696768511
VF21C_eng_utt1,VF21D_eng_utt2,H42Kc_cv,0.0504595696038935
VF21C_eng_utt1,VF23B_can_utt1,H42Kc_cv,0.020478451965701305
VF21C_eng_utt1,VF23B_can_utt2,H42Kc_cv,0.054421586798363675
VF21C_eng_utt1,VF23B_eng_utt1,H42Kc_cv,0.01056982233439241
VF21C_eng_utt1,VF23B_eng_utt2,H42Kc_cv,0.04539754664789397
VF21C_eng_utt1,VF23C_can_utt1,H42Kc_cv,0.028748039418425603
VF21C_eng_utt1,VF23C_can_utt2,H42Kc_cv,0.23115018883407606
VF21C_eng_utt1,VF23C_eng_utt1,H42Kc_cv,0.044002918140510716
VF21C_eng_utt1,VF23C_eng_utt2,H42Kc_cv,0.058025559112411806
VF21C_eng_utt1,VF26A_can_utt1,H42Kc_cv,0.1647489822850341
VF21C_eng_utt1,VF26A_can_utt2,H42Kc_cv,0.1344452500590054
VF21C_eng_utt1,VF26A_eng_utt1,H42Kc_cv,0.046744778514580115
VF21C_eng_utt1,VF26A_eng_utt2,H42Kc_cv,0.0721175511687662
VF21C_eng_utt1,VF32A_can_utt1,H42Kc_cv,0.14534826583292232
VF21C_eng_utt1,VF32A_can_utt2,H42Kc_cv,0.1385931040911108
VF21C_eng_utt1,VF32A_eng_utt1,H42Kc_cv,0.06556811411440741
VF21C_eng_utt1,VF32A_eng_utt2,H42Kc_cv,0.02330680169601021
VF21C_eng_utt2,VF21D_can_utt1,H42Kc_cv,0.0482455223952267
VF21C_eng_utt2,VF21D_can_utt2,H42Kc_cv,0.0686259719006948
VF21C_eng_utt2,VF21D_eng_utt1,H42Kc_cv,0.0338590986365134
VF21C_eng_utt2,VF21D_eng_utt2,H42Kc_cv,0.020522861272721793
VF21C_eng_utt2,VF23B_can_utt1,H42Kc_cv,0.009458256365470402
VF21C_eng_utt2,VF23B_can_utt2,H42Kc_cv,0.08435829512953538
VF21C_eng_utt2,VF23B_eng_utt1,H42Kc_cv,0.04050653066556412
VF21C_eng_utt2,VF23B_eng_utt2,H42Kc_cv,0.07533425497906568
VF21C_eng_utt2,VF23C_can_utt1,H42Kc_cv,0.0011886689127461048
VF21C_eng_utt2,VF23C_can_utt2,H42Kc_cv,0.2610868971652478
VF21C_eng_utt2,VF23C_eng_utt1,H42Kc_cv,0.014066209809339009
VF21C_eng_utt2,VF23C_eng_utt2,H42Kc_cv,0.08796226744358351
VF21C_eng_utt2,VF26A_can_utt1,H42Kc_cv,0.13481227395386242
VF21C_eng_utt2,VF26A_can_utt2,H42Kc_cv,0.10450854172783369
VF21C_eng_utt2,VF26A_eng_utt1,H42Kc_cv,0.016808070183408408
VF21C_eng_utt2,VF26A_eng_utt2,H42Kc_cv,0.04218084283759449
VF21C_eng_utt2,VF32A_can_utt1,H42Kc_cv,0.11541155750175061
VF21C_eng_utt2,VF32A_can_utt2,H42Kc_cv,0.1086563957599391
VF21C_eng_utt2,VF32A_eng_utt1,H42Kc_cv,0.0356314057832357
VF21C_eng_utt2,VF32A_eng_utt2,H42Kc_cv,0.006629906635161498
VF21D_can_utt1,VF21D_can_utt2,H42Kc_cv,0.020380449505468107
VF21D_can_utt1,VF21D_eng_utt1,H42Kc_cv,0.014386423758713296
VF21D_can_utt1,VF21D_eng_utt2,H42Kc_cv,0.027722661122504905
VF21D_can_utt1,VF23B_can_utt1,H42Kc_cv,0.0577037787606971
VF21D_can_utt1,VF23B_can_utt2,H42Kc_cv,0.13260381752476208
VF21D_can_utt1,VF23B_eng_utt1,H42Kc_cv,0.08875205306079081
VF21D_can_utt1,VF23B_eng_utt2,H42Kc_cv,0.12357977737429238
VF21D_can_utt1,VF23C_can_utt1,H42Kc_cv,0.0494341913079728
VF21D_can_utt1,VF23C_can_utt2,H42Kc_cv,0.30933241956047447
VF21D_can_utt1,VF23C_eng_utt1,H42Kc_cv,0.03417931258588769
VF21D_can_utt1,VF23C_eng_utt2,H42Kc_cv,0.1362077898388102
VF21D_can_utt1,VF26A_can_utt1,H42Kc_cv,0.0865667515586357
VF21D_can_utt1,VF26A_can_utt2,H42Kc_cv,0.056263019332606995
VF21D_can_utt1,VF26A_eng_utt1,H42Kc_cv,0.03143745221181829
VF21D_can_utt1,VF26A_eng_utt2,H42Kc_cv,0.006064679557632208
VF21D_can_utt1,VF32A_can_utt1,H42Kc_cv,0.06716603510652391
VF21D_can_utt1,VF32A_can_utt2,H42Kc_cv,0.0604108733647124
VF21D_can_utt1,VF32A_eng_utt1,H42Kc_cv,0.012614116611990994
VF21D_can_utt1,VF32A_eng_utt2,H42Kc_cv,0.054875429030388195
VF21D_can_utt2,VF21D_eng_utt1,H42Kc_cv,0.0347668732641814
VF21D_can_utt2,VF21D_eng_utt2,H42Kc_cv,0.04810311062797301
VF21D_can_utt2,VF23B_can_utt1,H42Kc_cv,0.0780842282661652
VF21D_can_utt2,VF23B_can_utt2,H42Kc_cv,0.1529842670302302
VF21D_can_utt2,VF23B_eng_utt1,H42Kc_cv,0.10913250256625892
VF21D_can_utt2,VF23B_eng_utt2,H42Kc_cv,0.14396022687976048
VF21D_can_utt2,VF23C_can_utt1,H42Kc_cv,0.06981464081344091
VF21D_can_utt2,VF23C_can_utt2,H42Kc_cv,0.32971286906594255
VF21D_can_utt2,VF23C_eng_utt1,H42Kc_cv,0.054559762091355796
VF21D_can_utt2,VF23C_eng_utt2,H42Kc_cv,0.15658823934427832
VF21D_can_utt2,VF26A_can_utt1,H42Kc_cv,0.0661863020531676
VF21D_can_utt2,VF26A_can_utt2,H42Kc_cv,0.03588256982713889
VF21D_can_utt2,VF26A_eng_utt1,H42Kc_cv,0.051817901717286396
VF21D_can_utt2,VF26A_eng_utt2,H42Kc_cv,0.026445129063100314
VF21D_can_utt2,VF32A_can_utt1,H42Kc_cv,0.04678558560105581
VF21D_can_utt2,VF32A_can_utt2,H42Kc_cv,0.040030423859244296
VF21D_can_utt2,VF32A_eng_utt1,H42Kc_cv,0.0329945661174591
VF21D_can_utt2,VF32A_eng_utt2,H42Kc_cv,0.0752558785358563
VF21D_eng_utt1,VF21D_eng_utt2,H42Kc_cv,0.013336237363791609
VF21D_eng_utt1,VF23B_can_utt1,H42Kc_cv,0.043317355001983804
VF21D_eng_utt1,VF23B_can_utt2,H42Kc_cv,0.11821739376604878
VF21D_eng_utt1,VF23B_eng_utt1,H42Kc_cv,0.07436562930207752
VF21D_eng_utt1,VF23B_eng_utt2,H42Kc_cv,0.10919335361557908
VF21D_eng_utt1,VF23C_can_utt1,H42Kc_cv,0.035047767549259506
VF21D_eng_utt1,VF23C_can_utt2,H42Kc_cv,0.2949459958017612
VF21D_eng_utt1,VF23C_eng_utt1,H42Kc_cv,0.019792888827174393
VF21D_eng_utt1,VF23C_eng_utt2,H42Kc_cv,0.12182136608009692
VF21D_eng_utt1,VF26A_can_utt1,H42Kc_cv,0.100953175317349
VF21D_eng_utt1,VF26A_can_utt2,H42Kc_cv,0.07064944309132029
VF21D_eng_utt1,VF26A_eng_utt1,H42Kc_cv,0.017051028453104994
VF21D_eng_utt1,VF26A_eng_utt2,H42Kc_cv,0.008321744201081088
VF21D_eng_utt1,VF32A_can_utt1,H42Kc_cv,0.08155245886523721
VF21D_eng_utt1,VF32A_can_utt2,H42Kc_cv,0.0747972971234257
VF21D_eng_utt1,VF32A_eng_utt1,H42Kc_cv,0.0017723071467223017
VF21D_eng_utt1,VF32A_eng_utt2,H42Kc_cv,0.0404890052716749
VF21D_eng_utt2,VF23B_can_utt1,H42Kc_cv,0.029981117638192195
VF21D_eng_utt2,VF23B_can_utt2,H42Kc_cv,0.10488115640225718
VF21D_eng_utt2,VF23B_eng_utt1,H42Kc_cv,0.06102939193828591
VF21D_eng_utt2,VF23B_eng_utt2,H42Kc_cv,0.09585711625178747
VF21D_eng_utt2,VF23C_can_utt1,H42Kc_cv,0.021711530185467898
VF21D_eng_utt2,VF23C_can_utt2,H42Kc_cv,0.28160975843796954
VF21D_eng_utt2,VF23C_eng_utt1,H42Kc_cv,0.006456651463382784
VF21D_eng_utt2,VF23C_eng_utt2,H42Kc_cv,0.1084851287163053
VF21D_eng_utt2,VF26A_can_utt1,H42Kc_cv,0.11428941268114061
VF21D_eng_utt2,VF26A_can_utt2,H42Kc_cv,0.0839856804551119
VF21D_eng_utt2,VF26A_eng_utt1,H42Kc_cv,0.003714791089313385
VF21D_eng_utt2,VF26A_eng_utt2,H42Kc_cv,0.021657981564872697
VF21D_eng_utt2,VF32A_can_utt1,H42Kc_cv,0.09488869622902882
VF21D_eng_utt2,VF32A_can_utt2,H42Kc_cv,0.08813353448721731
VF21D_eng_utt2,VF32A_eng_utt1,H42Kc_cv,0.01510854451051391
VF21D_eng_utt2,VF32A_eng_utt2,H42Kc_cv,0.02715276790788329
VF23B_can_utt1,VF23B_can_utt2,H42Kc_cv,0.07490003876406498
VF23B_can_utt1,VF23B_eng_utt1,H42Kc_cv,0.031048274300093714
VF23B_can_utt1,VF23B_eng_utt2,H42Kc_cv,0.06587599861359528
VF23B_can_utt1,VF23C_can_utt1,H42Kc_cv,0.008269587452724297
VF23B_can_utt1,VF23C_can_utt2,H42Kc_cv,0.25162864079977737
VF23B_can_utt1,VF23C_eng_utt1,H42Kc_cv,0.02352446617480941
VF23B_can_utt1,VF23C_eng_utt2,H42Kc_cv,0.07850401107811311
VF23B_can_utt1,VF26A_can_utt1,H42Kc_cv,0.1442705303193328
VF23B_can_utt1,VF26A_can_utt2,H42Kc_cv,0.1139667980933041
VF23B_can_utt1,VF26A_eng_utt1,H42Kc_cv,0.02626632654887881
VF23B_can_utt1,VF26A_eng_utt2,H42Kc_cv,0.05163909920306489
VF23B_can_utt1,VF32A_can_utt1,H42Kc_cv,0.12486981386722101
VF23B_can_utt1,VF32A_can_utt2,H42Kc_cv,0.1181146521254095
VF23B_can_utt1,VF32A_eng_utt1,H42Kc_cv,0.045089662148706106
VF23B_can_utt1,VF32A_eng_utt2,H42Kc_cv,0.0028283497303089045
VF23B_can_utt2,VF23B_eng_utt1,H42Kc_cv,0.043851764463971266
VF23B_can_utt2,VF23B_eng_utt2,H42Kc_cv,0.009024040150469703
VF23B_can_utt2,VF23C_can_utt1,H42Kc_cv,0.08316962621678928
VF23B_can_utt2,VF23C_can_utt2,H42Kc_cv,0.1767286020357124
VF23B_can_utt2,VF23C_eng_utt1,H42Kc_cv,0.09842450493887439
VF23B_can_utt2,VF23C_eng_utt2,H42Kc_cv,0.0036039723140481317
VF23B_can_utt2,VF26A_can_utt1,H42Kc_cv,0.21917056908339777
VF23B_can_utt2,VF26A_can_utt2,H42Kc_cv,0.18886683685736907
VF23B_can_utt2,VF26A_eng_utt1,H42Kc_cv,0.10116636531294379
VF23B_can_utt2,VF26A_eng_utt2,H42Kc_cv,0.12653913796712987
VF23B_can_utt2,VF32A_can_utt1,H42Kc_cv,0.199769852631286
VF23B_can_utt2,VF32A_can_utt2,H42Kc_cv,0.19301469088947448
VF23B_can_utt2,VF32A_eng_utt1,H42Kc_cv,0.11998970091277109
VF23B_can_utt2,VF32A_eng_utt2,H42Kc_cv,0.07772838849437388
VF23B_eng_utt1,VF23B_eng_utt2,H42Kc_cv,0.03482772431350156
VF23B_eng_utt1,VF23C_can_utt1,H42Kc_cv,0.03931786175281801
VF23B_eng_utt1,VF23C_can_utt2,H42Kc_cv,0.22058036649968366
VF23B_eng_utt1,VF23C_eng_utt1,H42Kc_cv,0.054572740474903125
VF23B_eng_utt1,VF23C_eng_utt2,H42Kc_cv,0.0474557367780194
VF23B_eng_utt1,VF26A_can_utt1,H42Kc_cv,0.1753188046194265
VF23B_eng_utt1,VF26A_can_utt2,H42Kc_cv,0.1450150723933978
VF23B_eng_utt1,VF26A_eng_utt1,H42Kc_cv,0.057314600848972524
VF23B_eng_utt1,VF26A_eng_utt2,H42Kc_cv,0.0826873735031586
VF23B_eng_utt1,VF32A_can_utt1,H42Kc_cv,0.15591808816731473
VF23B_eng_utt1,VF32A_can_utt2,H42Kc_cv,0.14916292642550322
VF23B_eng_utt1,VF32A_eng_utt1,H42Kc_cv,0.07613793644879982
VF23B_eng_utt1,VF32A_eng_utt2,H42Kc_cv,0.03387662403040262
VF23B_eng_utt2,VF23C_can_utt1,H42Kc_cv,0.07414558606631957
VF23B_eng_utt2,VF23C_can_utt2,H42Kc_cv,0.1857526421861821
VF23B_eng_utt2,VF23C_eng_utt1,H42Kc_cv,0.08940046478840469
VF23B_eng_utt2,VF23C_eng_utt2,H42Kc_cv,0.012628012464517835
VF23B_eng_utt2,VF26A_can_utt1,H42Kc_cv,0.21014652893292807
VF23B_eng_utt2,VF26A_can_utt2,H42Kc_cv,0.17984279670689937
VF23B_eng_utt2,VF26A_eng_utt1,H42Kc_cv,0.09214232516247409
VF23B_eng_utt2,VF26A_eng_utt2,H42Kc_cv,0.11751509781666017
VF23B_eng_utt2,VF32A_can_utt1,H42Kc_cv,0.1907458124808163
VF23B_eng_utt2,VF32A_can_utt2,H42Kc_cv,0.18399065073900478
VF23B_eng_utt2,VF32A_eng_utt1,H42Kc_cv,0.11096566076230138
VF23B_eng_utt2,VF32A_eng_utt2,H42Kc_cv,0.06870434834390418
VF23C_can_utt1,VF23C_can_utt2,H42Kc_cv,0.25989822825250164
VF23C_can_utt1,VF23C_eng_utt1,H42Kc_cv,0.015254878722085113
VF23C_can_utt1,VF23C_eng_utt2,H42Kc_cv,0.08677359853083741
VF23C_can_utt1,VF26A_can_utt1,H42Kc_cv,0.13600094286660852
VF23C_can_utt1,VF26A_can_utt2,H42Kc_cv,0.1056972106405798
VF23C_can_utt1,VF26A_eng_utt1,H42Kc_cv,0.017996739096154513
VF23C_can_utt1,VF26A_eng_utt2,H42Kc_cv,0.043369511750340595
VF23C_can_utt1,VF32A_can_utt1,H42Kc_cv,0.11660022641449672
VF23C_can_utt1,VF32A_can_utt2,H42Kc_cv,0.1098450646726852
VF23C_can_utt1,VF32A_eng_utt1,H42Kc_cv,0.03682007469598181
VF23C_can_utt1,VF32A_eng_utt2,H42Kc_cv,0.005441237722415393
VF23C_can_utt2,VF23C_eng_utt1,H42Kc_cv,0.2751531069745868
VF23C_can_utt2,VF23C_eng_utt2,H42Kc_cv,0.17312462972166426
VF23C_can_utt2,VF26A_can_utt1,H42Kc_cv,0.39589917111911016
VF23C_can_utt2,VF26A_can_utt2,H42Kc_cv,0.36559543889308144
VF23C_can_utt2,VF26A_eng_utt1,H42Kc_cv,0.27789496734865615
VF23C_can_utt2,VF26A_eng_utt2,H42Kc_cv,0.3032677400028423
VF23C_can_utt2,VF32A_can_utt1,H42Kc_cv,0.3764984546669984
VF23C_can_utt2,VF32A_can_utt2,H42Kc_cv,0.3697432929251869
VF23C_can_utt2,VF32A_eng_utt1,H42Kc_cv,0.29671830294848345
VF23C_can_utt2,VF32A_eng_utt2,H42Kc_cv,0.2544569905300863
VF23C_eng_utt1,VF23C_eng_utt2,H42Kc_cv,0.10202847725292252
VF23C_eng_utt1,VF26A_can_utt1,H42Kc_cv,0.1207460641445234
VF23C_eng_utt1,VF26A_can_utt2,H42Kc_cv,0.09044233191849468
VF23C_eng_utt1,VF26A_eng_utt1,H42Kc_cv,0.002741860374069399
VF23C_eng_utt1,VF26A_eng_utt2,H42Kc_cv,0.02811463302825548
VF23C_eng_utt1,VF32A_can_utt1,H42Kc_cv,0.1013453476924116
VF23C_eng_utt1,VF32A_can_utt2,H42Kc_cv,0.09459018595060009
VF23C_eng_utt1,VF32A_eng_utt1,H42Kc_cv,0.021565195973896695
VF23C_eng_utt1,VF32A_eng_utt2,H42Kc_cv,0.020696116444500506
VF23C_eng_utt2,VF26A_can_utt1,H42Kc_cv,0.2227745413974459
VF23C_eng_utt2,VF26A_can_utt2,H42Kc_cv,0.1924708091714172
VF23C_eng_utt2,VF26A_eng_utt1,H42Kc_cv,0.10477033762699192
VF23C_eng_utt2,VF26A_eng_utt2,H42Kc_cv,0.130143110281178
VF23C_eng_utt2,VF32A_can_utt1,H42Kc_cv,0.20337382494533413
VF23C_eng_utt2,VF32A_can_utt2,H42Kc_cv,0.19661866320352261
VF23C_eng_utt2,VF32A_eng_utt1,H42Kc_cv,0.12359367322681922
VF23C_eng_utt2,VF32A_eng_utt2,H42Kc_cv,0.08133236080842202
VF26A_can_utt1,VF26A_can_utt2,H42Kc_cv,0.03030373222602871
VF26A_can_utt1,VF26A_eng_utt1,H42Kc_cv,0.118004203770454
VF26A_can_utt1,VF26A_eng_utt2,H42Kc_cv,0.09263143111626791
VF26A_can_utt1,VF32A_can_utt1,H42Kc_cv,0.01940071645211179
VF26A_can_utt1,VF32A_can_utt2,H42Kc_cv,0.0261558781939233
VF26A_can_utt1,VF32A_eng_utt1,H42Kc_cv,0.0991808681706267
VF26A_can_utt1,VF32A_eng_utt2,H42Kc_cv,0.1414421805890239
VF26A_can_utt2,VF26A_eng_utt1,H42Kc_cv,0.08770047154442528
VF26A_can_utt2,VF26A_eng_utt2,H42Kc_cv,0.0623276988902392
VF26A_can_utt2,VF32A_can_utt1,H42Kc_cv,0.010903015773916919
VF26A_can_utt2,VF32A_can_utt2,H42Kc_cv,0.004147854032105408
VF26A_can_utt2,VF32A_eng_utt1,H42Kc_cv,0.06887713594459799
VF26A_can_utt2,VF32A_eng_utt2,H42Kc_cv,0.11113844836299519
VF26A_eng_utt1,VF26A_eng_utt2,H42Kc_cv,0.025372772654186082
VF26A_eng_utt1,VF32A_can_utt1,H42Kc_cv,0.0986034873183422
VF26A_eng_utt1,VF32A_can_utt2,H42Kc_cv,0.09184832557653069
VF26A_eng_utt1,VF32A_eng_utt1,H42Kc_cv,0.018823335599827296
VF26A_eng_utt1,VF32A_eng_utt2,H42Kc_cv,0.023437976818569906
VF26A_eng_utt2,VF32A_can_utt1,H42Kc_cv,0.07323071466415612
VF26A_eng_utt2,VF32A_can_utt2,H42Kc_cv,0.06647555292234461
VF26A_eng_utt2,VF32A_eng_utt1,H42Kc_cv,0.0065494370543587865
VF26A_eng_utt2,VF32A_eng_utt2,H42Kc_cv,0.04881074947275599
VF32A_can_utt1,VF32A_can_utt2,H42Kc_cv,0.006755161741811511
VF32A_can_utt1,VF32A_eng_utt1,H42Kc_cv,0.07978015171851491
VF32A_can_utt1,VF32A_eng_utt2,H42Kc_cv,0.12204146413691211
VF32A_can_utt2,VF32A_eng_utt1,H42Kc_cv,0.0730249899767034
VF32A_can_utt2,VF32A_eng_utt2,H42Kc_cv,0.1152863023951006
VF32A_eng_utt1,VF32A_eng_utt2,H42Kc_cv,0.0422613124183972
